{"cameraMode":{"drawMode":0,"name":"Shaded","section":"Shading Mode"},"sceneLighting":true,"audioPlay":false,"sceneViewState":{"m_AlwaysRefresh":false,"showFog":true,"showSkybox":false,"showFlares":true,"showImageEffects":true,"showParticleSystems":true,"showVisualEffectGraphs":true,"m_FxEnabled":true},"in2DMode":false,"pivot":{"x":1.3299999237060547,"y":2.4453413486480715,"z":-0.010000228881835938},"rotation":{"x":0.24213182926177979,"y":-0.5528019666671753,"z":0.17191089689731599,"w":0.7786074280738831},"size":3.1893773078918459,"orthographic":true}