{"cameraMode":{"drawMode":0,"name":"Shaded","section":"Shading Mode"},"sceneLighting":false,"audioPlay":false,"sceneViewState":{"m_AlwaysRefresh":false,"showFog":true,"showSkybox":false,"showFlares":true,"showImageEffects":true,"showParticleSystems":true,"showVisualEffectGraphs":true,"m_FxEnabled":true},"in2DMode":false,"pivot":{"x":-0.000003337860107421875,"y":13.835355758666993,"z":2.9288148880004885},"rotation":{"x":-0.17157290875911714,"y":0.8263609409332275,"z":-0.4100360572338104,"w":-0.3457775413990021},"size":23.593168258666993,"orthographic":false}