{"cameraMode":{"drawMode":0,"name":"Shaded","section":"Shading Mode"},"sceneLighting":false,"audioPlay":false,"sceneViewState":{"m_AlwaysRefresh":false,"showFog":true,"showSkybox":false,"showFlares":true,"showImageEffects":true,"showParticleSystems":true,"showVisualEffectGraphs":true,"m_FxEnabled":true},"in2DMode":false,"pivot":{"x":2.384185791015625e-7,"y":0.4554761052131653,"z":-0.19088247418403626},"rotation":{"x":0.31485873460769656,"y":-0.14025700092315675,"z":0.04710603877902031,"w":0.9375410676002502},"size":0.8660253882408142,"orthographic":false}